Timestamp,RangeMilliMeter
1000,25
11000,25
22000,7
34000,7
46000,23
57000,24
67000,24
78000,12
89000,12
101000,35
113000,22
124000,22
136000,24
147000,35
159000,35
171000,26
181000,26
193000,35
203000,31
214000,31
226000,27
237000,28
247000,28
258000,23
269000,23
279000,34
291000,30
303000,30
315000,27
326000,27
338000,13
349000,13
361000,13
373000,27
383000,27
394000,27
404000,26
416000,26
427000,25
438000,31
449000,31
460000,13
472000,19
483000,19
493000,24
504000,24
516000,24
527000,34
538000,34
549000,18
561000,18
573000,40
585000,15
597000,15
608000,18
618000,17
629000,17
641000,26
652000,20
662000,20
673000,25
684000,25
696000,24
706000,25
716000,25
728000,26
740000,26
750000,24
760000,24
771000,28
782000,36
794000,36
806000,33
817000,15
829000,15
841000,28
851000,28
862000,15
873000,35
884000,35
895000,21
906000,21
917000,21
928000,27
939000,27
951000,26
963000,24
975000,24
986000,32
997000,21
1009000,21
1020000,29
1031000,29
1044000,36
1056000,28
1067000,28
1077000,23
1088000,25
1099000,25
1111000,28
1122000,28
1132000,23
1143000,29
1154000,29
1165000,26
1176000,26
1187000,35
1198000,18
1209000,18
1220000,21
1231000,21
1242000,26
1253000,15
1264000,15
1275000,17
1286000,24
1297000,24
1308000,33
1319000,33
1330000,15
1341000,19
1352000,19
1363000,18
1373000,18
1384000,21
1395000,25
1406000,25
1417000,22
1429000,22
1440000,31
1451000,34
1462000,34
1473000,31
1484000,34
1497000,34
1509000,26
1520000,26
1531000,28
1542000,28
1554000,28
1564000,34
1575000,27
1586000,27
1597000,15
1608000,15
1619000,22
1629000,22
1640000,24
1651000,30
1662000,30
1673000,44
1684000,31
1696000,31
1707000,23
1718000,23
1729000,24
1741000,23
1751000,23
1762000,31
1773000,31
1785000,35
1796000,41
1806000,41
1817000,21
1828000,24
1839000,24
1850000,29
1862000,29
1874000,21
1885000,41
1895000,41
1906000,37
1917000,37
1928000,31
1938000,17
1949000,17
1960000,30
1971000,30
1983000,37
1994000,24
2005000,24
2015000,11
2026000,11
2037000,21
2047000,26
2059000,26
2070000,31
2082000,22
2093000,22
2104000,35
2115000,35
2126000,22
2137000,25
2148000,25
2159000,22
2170000,22
2181000,20
2192000,23
2203000,23
2215000,19
2227000,21
2238000,21
2249000,6
2259000,6
2271000,18
2282000,25
2293000,25
2304000,28
2315000,28
2326000,23
2337000,28
2348000,28
2359000,19
2370000,19
2381000,28
2392000,17
2403000,17
2414000,18
2425000,17
2436000,17
2447000,22
2458000,22
2469000,16
2481000,36
2493000,36
2505000,33
2516000,37
2527000,37
2537000,26
2548000,26
2560000,16
2572000,18
2584000,18
2596000,22
2608000,19
2619000,19
2630000,17
2642000,29
2654000,29
2666000,15
2677000,15
2688000,33
2699000,28
2710000,28
2721000,27
2732000,27
2743000,25
2754000,25
2765000,25
2777000,17
2788000,29
2800000,29
2812000,10
2824000,45
2835000,45
2846000,14
2858000,14
2868000,27
2879000,24
2890000,24
2901000,29
2912000,29
2924000,11
2935000,20
2946000,20
2958000,18
2969000,19
2980000,19
2991000,11
3002000,11
3013000,33
3023000,34
3033000,34
3045000,10
3056000,10
3067000,19
3078000,25
3089000,25
3100000,26
3112000,37
3123000,37
3135000,38
3146000,38
3157000,36
3168000,14
3179000,14
3190000,27
3200000,27
3212000,34
3223000,18
3234000,18
3245000,36
3255000,36
3266000,33
3277000,34
3288000,34
3299000,28
3309000,28
3320000,36
3331000,39
3341000,39
3352000,40
3363000,40
3373000,36
3384000,35
3394000,35
3405000,45
3416000,45
3427000,40
3438000,40
3449000,43
3461000,37
3471000,37
3482000,37
3494000,38
3505000,38
3517000,26
3529000,35
3540000,35
3552000,34
3563000,34
3575000,26
3587000,24
3597000,24
3608000,35
3618000,35
3629000,38
3640000,33
3652000,33
3662000,34
3673000,34
3684000,40
3695000,43
3707000,43
3717000,47
3728000,47
3740000,37
3751000,46
3762000,46
3773000,41
3784000,48
3796000,48
3808000,51
3819000,51
3829000,39
3840000,37
3851000,37
3862000,37
3872000,37
3883000,41
3895000,49
3906000,49
3918000,38
3930000,40
3941000,40
3952000,42
3962000,42
3973000,32
3983000,29
3995000,29
4006000,34
4017000,34
4028000,35
4038000,35
4049000,35
4060000,44
4070000,44
4081000,39
4092000,39
4102000,39
4113000,40
4124000,40
4136000,47
4147000,38
4159000,38
4169000,36
4181000,36
4193000,32
4205000,43
4217000,43
4228000,41
4239000,40
4250000,40
4262000,27
4274000,25
4285000,25
4296000,37
4307000,37
4318000,38
4329000,47
4340000,47
4352000,30
4363000,30
4373000,35
4383000,18
4395000,18
4407000,29
4418000,31
4429000,31
4441000,33
4452000,33
4463000,26
4475000,38
4487000,38
4499000,41
4511000,33
4523000,33
4534000,32
4546000,34
4557000,34
4568000,35
4579000,35
4591000,37
4602000,32
4613000,32
4625000,30
4636000,33
4647000,33
4657000,25
4668000,25
4679000,36
4689000,36
4701000,24
4711000,31
4722000,31
4734000,42
4745000,50
4756000,50
4767000,21
4778000,21
4788000,31
4799000,43
4809000,43
4819000,35
4830000,35
4841000,32
4852000,32
4862000,33
4873000,37
4885000,37
4896000,28
4907000,28
4918000,29
4930000,33
4941000,33
4952000,46
4963000,26
4973000,26
4984000,25
4995000,25
5007000,26
5018000,24
5028000,24
5038000,23
5049000,23
5061000,44
5072000,41
5083000,41
5095000,31
5106000,31
5117000,48
5128000,38
5140000,38
5151000,37
5163000,42
5173000,42
5184000,43
5195000,43
5206000,47
5217000,54
5227000,54
5238000,38
5250000,38
5262000,39
5274000,58
5285000,58
5296000,43
5307000,42
5318000,42
5329000,40
5340000,40
5351000,33
5363000,42
5374000,42
5384000,41
5396000,41
5406000,37
5417000,46
5427000,46
5439000,46
5450000,46
5462000,50
5473000,28
5484000,28
5496000,49
5508000,52
5520000,52
5532000,46
5544000,36
5555000,36
5566000,40
5578000,46
5590000,46
5602000,53
5614000,53
5625000,46
5637000,34
5648000,34
5659000,49
5670000,53
5681000,53
5691000,32
5703000,32
5714000,25
5726000,38
5736000,38
5747000,55
5758000,55
5768000,36
5779000,37
5790000,37
5802000,43
5813000,43
5824000,38
5835000,42
5845000,42
5856000,32
5866000,32
5877000,50
5888000,45
5899000,45
5911000,42
5922000,35
5933000,35
5943000,49
5954000,49
5965000,42
5975000,42
5986000,48
5996000,49
6007000,49
6019000,36
6030000,36
6040000,46
6052000,27
6063000,27
6074000,42
6085000,41
6095000,41
6106000,33
6117000,33
6127000,33
6138000,33
6150000,33
6161000,41
6173000,41
6184000,29
6195000,41
6206000,41
6217000,49
6228000,49
6239000,40
6250000,50
6262000,50
6273000,48
6284000,38
6295000,38
6307000,41
6317000,41
6328000,31
6339000,35
6351000,35
6362000,42
6373000,42
6384000,27
6394000,35
6405000,35
6417000,35
6428000,28
6440000,28
6450000,40
6462000,40
6473000,45
6484000,37
6495000,37
6507000,35
6518000,35
6529000,40
6540000,34
6551000,34
6562000,49
6573000,28
6586000,28
6597000,29
6608000,29
6620000,29
6631000,36
6643000,36
6654000,38
6665000,35
6676000,35
6687000,31
6698000,31
6709000,45
6720000,28
6731000,28
6742000,33
6753000,33
6763000,38
6775000,29
6786000,29
6798000,34
6810000,27
6822000,27
6834000,37
6844000,39
6856000,39
6867000,44
6879000,44
6891000,42
6902000,37
6914000,37
6925000,30
6936000,44
6947000,44
6959000,43
6970000,43
6981000,33
6993000,37
7004000,37
7015000,28
7026000,30
7038000,30
7049000,48
7059000,48
7069000,47
7081000,51
7092000,51
7103000,38
7114000,38
7125000,39
7137000,38
7148000,38
7159000,41
7171000,40
7182000,40
7194000,35
7205000,35
7216000,34
7228000,21
7240000,21
7251000,39
7261000,28
7272000,28
7283000,38
7295000,38
7306000,17
7317000,30
7329000,30
7340000,20
7351000,24
7362000,24
7372000,27
7383000,27
7394000,31
7406000,32
7416000,32
7427000,34
7439000,34
7450000,24
7461000,25
7472000,25
7482000,23
7493000,23
7505000,31
7517000,32
7529000,32
7540000,31
7551000,20
7563000,20
7575000,37
7586000,38
7597000,38
7607000,31
7619000,31
7630000,13
7642000,25
7653000,25
7665000,18
7676000,11
7687000,11
7699000,24
7711000,24
7723000,19
7734000,33
7745000,33
7756000,25
7767000,13
7778000,13
7790000,29
7801000,29
7811000,21
7822000,7
7833000,7
7844000,5
7855000,5
7866000,5
7877000,10
7888000,10
7899000,15
7910000,25
7921000,25
7932000,32
7944000,32
7955000,68
7966000,89
7978000,89
7988000,148
7999000,148
8011000,193
8022000,212
8033000,212
8045000,247
8056000,247
8066000,328
8078000,485
8089000,485
8099000,800
8110000,800
8121000,800
8133000,800
8144000,800
8156000,800
8167000,800
8179000,800
8189000,800
8201000,2500
8211000,2500
8222000,2500
8233000,2500
8245000,2500
8256000,2500
8267000,2500
8278000,2500
8289000,2500
8299000,2500
8310000,2500
8321000,2500
8332000,2500
8344000,2500
8356000,2500
8366000,2500
8378000,2500
8388000,2500
8399000,2500
8411000,2500
8422000,2500
8433000,2500
8443000,2500
8454000,2500
8465000,2500
8477000,2500
8487000,2500
8498000,2500
8510000,2500
8521000,2500
8532000,2500
8543000,2500
8553000,2500
8565000,2500
8575000,2500
8586000,2500
8597000,2500
8608000,2500
8619000,2500
8630000,2500
8642000,2500
8654000,2500
8664000,2500
8674000,2500
8685000,2500
8696000,2500
8707000,2500
8718000,2500
8729000,2500
8741000,2500
8752000,2500
8763000,2500
8774000,2500
8785000,2500
8796000,2500
8807000,2500
8818000,2500
8830000,2500
8841000,2500
8852000,2500
8863000,2500
8874000,2500
8885000,2500
8896000,2500
8907000,2500
8918000,2500
8929000,2500
8940000,2500
8951000,2500
8963000,2500
8975000,2500
8987000,2500
8997000,2500
9008000,2500
9019000,2500
9030000,2500
9040000,2500
9050000,2500
9061000,2500
9072000,2500
9083000,2500
9094000,2500
9106000,2500
9117000,2500
9127000,2500
9138000,2500
9149000,2500
9161000,2500
9171000,2500
9182000,2500
9194000,2500
9204000,40
9216000,40
9228000,241
9240000,240
9251000,240
9262000,305
9273000,238
9283000,238
9294000,258
9306000,258
9316000,248
9328000,317
9339000,317
9350000,220
9361000,220
9372000,257
9383000,301
9394000,301
9406000,269
9417000,269
9429000,234
9441000,289
9452000,289
9464000,247
9475000,250
9486000,250
9497000,250
9508000,250
9518000,250
9530000,250
9542000,250
9553000,250
9565000,250
9577000,250
9588000,250
9598000,2500
9610000,2500
9622000,2500
9633000,2500
9644000,2500
9655000,236
9666000,236
9677000,236
9688000,236
9700000,236
9711000,236
9723000,236
9734000,236
9745000,236
9756000,2500
9767000,2500
9778000,2500
9790000,2500
9801000,257
9812000,257
9823000,257
9835000,257
9845000,257
9857000,244
9868000,244
9879000,257
9890000,257
9900000,249
9911000,249
9922000,249
9933000,283
9944000,283
9955000,207
9966000,283
9977000,283
9988000,201
9999000,201
10010000,253
10020000,230
10031000,230
10042000,288
10052000,288
10063000,180
10074000,244
10085000,244
10096000,346
10108000,346
10120000,240
10131000,166
10143000,166
10155000,306
10167000,220
10178000,220
10190000,220
10201000,188
10211000,188
10223000,188
10234000,188
10244000,188
10255000,188
10266000,205
10278000,205
10289000,205
10300000,205
10312000,205
10323000,205
10333000,205
10344000,205
10355000,205
10366000,161
10377000,161
10388000,175
10399000,175
10411000,263
10423000,319
10435000,319
10447000,253
10458000,253
10469000,253
10480000,235
10492000,235
10503000,217
10514000,217
10526000,217
10537000,224
10549000,291
10560000,291
10572000,276
10583000,276
10594000,255
10606000,247
10618000,247
10628000,263
10640000,318
10652000,318
10662000,277
10673000,277
10685000,219
10697000,267
10707000,267
10717000,284
10728000,284
10740000,247
10752000,241
10764000,241
10776000,267
10787000,252
10798000,252
10810000,253
10821000,253
10833000,276
10844000,311
10855000,311
10866000,285
10877000,285
10888000,212
10900000,251
10911000,251
10922000,283
10933000,257
10944000,257
10955000,274
10966000,274
10977000,240
10987000,263
10998000,263
11010000,260
11021000,260
11032000,267
11044000,265
11055000,265
11065000,235
11077000,235
11088000,233
11098000,268
11109000,268
11119000,243
11130000,243
11141000,241
11153000,188
11164000,188
11176000,165
11186000,165
11197000,210
11208000,233
11219000,233
11229000,164
11240000,164
11251000,55
11263000,271
11274000,271
11285000,209
11297000,209
11308000,63
11320000,63
11331000,63
11343000,137
11353000,242
11364000,242
11375000,257
11385000,257
11396000,249
11407000,249
11418000,205
11429000,236
11440000,236
11451000,229
11462000,229
11473000,304
11484000,237
11495000,237
11506000,272
11517000,272
11528000,299
11539000,274
11551000,274
11563000,249
11574000,241
11584000,241
11596000,241
11607000,241
11618000,249
11629000,259
11641000,259
11653000,268
11663000,268
11674000,254
11685000,242
11696000,242
11707000,252
11718000,252
11729000,221
11740000,279
11752000,279
11763000,256
11773000,256
11784000,267
11795000,276
11806000,276
11818000,246
11829000,235
11840000,235
11851000,265
11862000,265
11873000,234
11884000,230
11895000,230
11906000,211
11917000,211
11927000,204
11938000,212
11949000,212
11961000,177
11973000,177
11983000,178
11995000,157
12006000,157
12017000,149
12028000,149
12038000,149
12049000,142
12061000,142
12072000,137
12083000,137
12094000,123
12106000,117
12118000,117
12130000,104
12141000,108
12152000,108
12162000,97
12173000,97
12184000,103
12195000,107
12206000,107
12216000,91
12227000,91
12239000,97
12250000,87
12262000,87
12272000,98
12283000,98
12294000,93
12306000,103
12316000,103
12328000,101
12338000,90
12350000,90
12360000,100
12371000,100
12382000,92
12394000,92
12405000,92
12416000,87
12427000,87
12439000,76
12450000,86
12461000,86
12472000,80
12482000,80
12493000,87
12504000,78
12515000,78
12527000,68
12539000,67
12550000,67
12562000,73
12573000,73
12583000,69
12595000,70
12606000,70
12617000,82
12627000,82
12639000,63
12650000,74
12661000,74
12673000,61
12685000,60
12697000,60
12708000,65
12719000,60
12730000,60
12740000,68
12752000,68
12762000,64
12773000,50
12783000,50
12794000,52
12806000,52
12817000,51
12827000,50
12837000,50
12849000,66
12860000,66
12871000,54
12882000,54
12893000,54
12904000,49
12914000,49
12925000,54
12936000,58
12947000,58
12957000,46
12968000,46
12979000,42
12989000,42
13000000,53
13011000,62
13022000,62
13033000,53
13045000,45
13055000,45
13066000,50
13078000,50
13089000,48
13101000,39
13112000,39
13123000,43
13135000,46
13146000,46
13157000,41
13168000,41
13179000,41
13190000,46
13200000,46
13211000,39
13223000,39
13235000,34
13246000,38
13257000,38
13268000,31
13280000,33
13290000,33
13302000,19
13313000,19
13324000,33
13336000,24
13347000,24
13359000,36
13369000,41
13380000,41
13391000,34
13403000,34
13415000,16
13427000,37
13437000,37
13449000,29
13460000,28
13471000,28
13482000,38
13492000,38
13503000,26
13513000,24
13524000,24
13535000,24
13546000,24
13556000,20
13567000,21
13579000,21
13591000,30
13602000,30
13614000,39
13626000,18
13638000,18
13650000,16
13662000,24
13674000,24
13686000,23
13697000,23
13709000,23
13720000,26
13731000,33
13742000,33
13753000,23
13764000,23
13776000,35
13787000,31
13798000,31
13810000,32
13822000,33
13833000,33
13844000,36
13854000,36
13865000,38
13877000,29
13889000,29
13900000,27
13912000,28
13922000,28
13934000,34
13945000,23
13956000,23
13967000,22
13979000,22
13991000,24
14002000,27
14013000,27
14024000,32
14035000,32
14046000,39
14058000,26
14068000,26
14079000,24
14091000,30
14102000,30
14113000,22
14124000,22
14135000,29
14146000,22
14158000,22
14168000,33
14178000,33
14190000,31
14201000,34
14213000,34
14224000,42
14235000,38
14245000,38
14256000,20
14267000,20
14277000,31
14288000,28
14298000,28
14309000,38
14320000,38
14331000,20
14343000,25
14354000,25
14366000,22
14377000,22
14388000,21
14398000,18
14410000,18
14420000,31
14431000,31
14443000,21
14454000,29
14466000,29
14477000,29
14489000,27
14500000,27
14511000,31
14521000,31
14532000,18
14544000,35
14555000,35
14566000,17
14578000,20
14588000,20
14599000,32
14609000,32
14619000,38
14631000,48
14642000,48
14653000,46
14665000,46
14676000,32
14688000,58
14700000,58
14710000,89
14721000,76
14732000,76
14744000,72
14754000,72
14765000,97
14777000,101
14788000,101
14799000,125
14811000,125
14822000,118
14833000,125
14844000,125
14855000,135
14866000,135
14877000,141
14887000,158
14898000,158
14908000,151
14919000,151
14929000,174
14940000,164
14951000,164
14962000,172
14973000,172
14984000,154
14995000,148
15006000,148
15017000,158
15028000,158
15038000,152
15049000,152
15059000,152
15070000,145
15081000,145
15092000,150
15104000,136
15115000,136
15127000,139
15138000,139
15149000,120
15159000,133
15170000,133
15182000,117
15194000,117
15206000,118
15217000,106
15228000,106
15239000,88
15250000,84
15261000,84
15272000,90
15282000,90
15294000,69
15305000,72
15316000,72
15327000,73
15338000,73
15348000,52
15359000,57
15369000,57
15380000,64
15390000,64
15400000,36
15410000,36
15422000,33
15432000,58
15444000,58
15456000,46
15468000,49
15479000,49
15491000,36
15502000,46
15513000,46
15525000,36
15535000,36
15546000,36
15557000,40
15568000,40
15581000,50
15593000,35
15604000,35
15615000,39
15627000,39
15639000,46
15650000,43
15661000,43
15672000,33
15684000,20
15695000,20
15707000,33
15719000,35
15731000,35
15742000,38
15752000,38
15763000,50
15774000,53
15786000,53
15797000,32
15809000,48
15820000,48
15832000,54
15844000,54
15856000,42
15867000,51
15877000,51
15887000,54
15899000,39
15911000,39
15922000,34
15932000,34
15943000,44
15955000,44
15966000,44
15978000,26
15990000,33
16001000,33
16012000,48
16023000,48
16034000,25
16045000,24
16055000,24
16066000,39
16076000,39
16087000,38
16098000,34
16110000,34
16121000,33
16132000,33
16143000,37
16153000,54
16164000,54
16174000,36
16185000,36
16196000,53
16208000,46
16218000,46
16230000,34
16241000,34
16251000,41
16262000,46
16272000,46
16284000,41
16295000,41
16306000,37
16317000,43
16328000,43
16339000,36
16350000,36
16361000,41
16372000,48
16383000,48
16394000,43
16406000,46
16417000,46
16429000,33
16441000,43
16452000,43
16464000,31
16475000,31
16486000,35
16496000,46
16507000,46
16518000,50
16529000,50
16540000,40
16551000,29
16562000,29
16573000,29
16584000,29
16596000,45
16608000,28
16620000,28
16631000,56
16643000,29
16655000,29
16665000,30
16675000,30
16685000,38
16696000,32
16707000,32
16717000,42
16728000,42
16739000,30
16750000,37
16761000,37
16772000,49
16783000,38
16794000,38
16805000,40
16816000,40
16827000,42
16839000,46
16849000,46
16861000,41
16871000,41
16882000,34
16894000,43
16905000,43
16917000,42
16927000,42
16939000,39
16949000,30
16960000,30
16970000,33
16981000,33
16993000,33
17004000,40
17016000,40
17028000,47
17039000,43
17050000,43
17061000,33
17073000,51
17084000,51
17094000,32
17106000,32
17116000,36
17127000,31
17138000,31
17149000,34
17159000,34
17170000,44
17181000,43
17193000,43
17205000,37
17216000,26
17230000,26
17243000,44
17254000,39
17266000,39
17276000,30
17288000,30
17299000,43
17310000,40
17321000,40
17332000,40
17343000,40
17354000,36
17366000,43
17376000,43
17387000,43
17399000,38
17410000,38
17421000,48
17431000,48
17442000,38
17453000,42
17464000,42
17476000,47
17486000,47
17497000,45
17509000,50
17520000,50
17531000,42
17543000,40
17555000,40
17565000,26
17576000,26
17587000,49
17600000,45
17611000,45
17622000,38
17634000,39
17645000,39
17656000,38
17667000,38
17679000,42
17690000,35
17700000,35
17711000,53
17722000,54
17733000,54
17745000,32
17757000,32
17768000,49
17780000,42
17792000,42
17803000,42
17815000,41
17827000,41
17839000,39
17850000,42
17862000,42
17873000,41
17885000,47
17895000,47
17906000,38
17917000,38
17927000,43
17939000,45
17949000,45
17960000,32
17971000,32
17982000,50
17993000,43
18005000,43
18017000,45
18027000,45
18038000,44
18048000,50
18059000,50
18070000,44
18081000,44
18093000,39
18104000,50
18114000,50
18125000,36
18136000,36
18147000,43
18159000,58
18170000,58
18180000,39
18191000,45
18202000,45
18213000,50
18224000,50
18237000,44
18248000,40
18259000,40
18270000,38
18281000,38
18293000,56
18304000,50
18315000,50
18326000,52
18336000,51
18347000,51
18359000,57
18369000,57
18380000,39
18392000,52
18403000,52
18413000,41
18423000,41
18433000,39
18445000,56
18456000,56
18468000,43
18479000,43
18490000,45
18501000,46
18512000,46
18523000,47
18533000,47
18544000,32
18555000,57
18566000,57
18576000,47
18587000,47
18599000,45
18610000,35
18621000,35
18632000,41
18643000,37
18655000,37
18666000,38
18677000,38
18688000,56
18698000,46
18710000,46
18722000,51
18733000,51
18744000,51
18754000,37
18765000,37
18777000,50
18788000,45
18800000,45
18811000,42
18822000,42
18833000,48
18844000,44
18856000,44
18867000,48
18878000,41
18889000,41
18900000,46
18911000,46
18923000,33
18933000,45
18944000,45
18956000,38
18967000,38
18977000,37
18989000,48
18999000,48
19010000,41
19021000,41
19032000,41
19044000,46
19055000,46
19065000,40
19077000,45
19088000,45
19099000,40
19110000,40
19121000,48
19132000,33
19144000,33
19156000,51
19167000,41
19177000,41
19188000,48
19199000,48
19211000,41
19222000,48
19233000,48
19245000,56
19255000,56
19266000,32
19277000,40
19288000,40
19299000,36
19310000,32
19322000,32
19334000,48
19345000,48
19356000,36
19367000,30
19378000,30
19389000,42
19401000,44
19412000,44
19423000,41
19434000,41
19444000,37
19455000,43
19467000,43
19478000,49
19489000,49
19501000,34
19512000,38
19523000,38
19535000,52
19546000,41
19558000,41
19569000,49
19580000,46
19591000,46
19602000,35
19614000,35
19626000,34
19636000,24
19647000,24
19658000,34
19669000,34
19680000,42
19692000,28
19703000,28
19714000,31
19726000,34
19736000,34
19747000,44
19759000,44
19770000,40
19781000,35
19793000,35
19804000,39
19815000,25
19827000,25
19839000,33
19851000,34
19862000,34
19873000,34
19885000,34
19896000,38
19908000,31
19919000,31
19929000,39
19941000,39
19952000,38
19964000,28
19976000,28
19988000,37
19999000,40
20010000,40
20020000,31
20030000,31
20042000,39
20053000,26
20064000,26
20075000,27
20086000,38
20096000,38
20108000,37
20119000,37
20130000,29
20142000,38
20153000,38
20165000,45
20177000,30
20189000,30
20200000,42
20211000,42
20223000,29
20234000,33
20245000,33
20256000,26
20267000,31
20278000,31
20289000,32
20299000,32
20310000,41
20320000,32
20331000,32
20341000,25
20352000,25
20364000,47
20375000,34
20387000,34
20399000,22
20411000,34
20422000,34
20432000,43
20443000,43
20454000,32
20466000,31
20476000,31
20488000,31
20499000,31
20510000,26
20522000,42
20533000,42
20545000,41
20555000,47
20565000,47
20576000,40
20587000,40
20597000,25
20609000,36
20621000,36
20632000,30
20643000,30
20655000,23
20665000,36
20675000,36
20686000,22
20697000,22
20709000,44
20721000,38
20732000,38
20743000,47
20754000,24
20765000,24
20777000,34
20789000,34
20800000,40
20812000,41
20823000,41
20834000,23
20844000,23
20855000,23
20866000,28
20877000,28
20888000,32
20899000,48
20909000,48
20921000,31
20932000,31
20943000,46
20954000,26
20965000,26
20976000,48
20987000,48
20999000,34
21010000,29
21022000,29
21033000,33
21044000,39
21055000,39
21065000,35
21076000,35
21087000,30
21097000,30
21108000,30
21119000,34
21130000,34
21141000,44
21152000,38
21163000,38
21175000,36
21186000,36
21196000,23
21207000,34
21217000,34
21228000,38
21240000,38
21250000,34
21262000,39
21273000,39
21284000,30
21295000,40
21307000,40
21318000,27
21328000,27
21339000,24
21349000,27
21360000,27
21371000,26
21381000,26
21393000,42
21405000,32
21416000,32
21427000,31
21437000,31
21447000,37
21458000,43
21469000,43
21480000,36
21490000,36
21502000,34
21513000,33
21525000,33
21536000,25
21546000,25
21556000,29
21567000,23
21578000,23
21589000,18
21600000,18
21610000,36
21622000,25
21634000,25
21646000,28
21658000,42
21669000,42
21680000,14
21692000,27
21703000,27
21714000,35
21725000,35
21737000,36
21748000,32
21759000,32
21770000,24
21781000,24
21792000,21
21803000,37
21814000,37
21826000,31
21837000,33
21848000,33
21859000,14
21869000,14
21881000,39
21892000,26
21903000,26
21913000,38
21924000,38
21935000,29
21946000,25
21958000,25
21969000,20
21980000,35
21991000,35
22002000,24
22013000,24
22025000,38
22035000,19
22046000,19
22057000,34
22067000,34
22078000,29
22089000,24
22099000,24
22110000,26
22121000,26
22133000,29
22144000,36
22154000,36
22164000,36
22176000,36
22188000,36
22199000,36
22209000,36
22221000,22
22232000,22
22243000,21
22255000,42
22266000,42
22277000,24
22288000,26
22299000,26
22310000,16
22321000,16
22333000,20
22344000,40
22355000,40
22366000,27
22377000,42
22389000,42
22400000,31
22411000,31
22422000,33
22433000,30
22449000,28
22461000,28
22471000,33
22482000,33
22493000,40
22504000,24
22514000,24
22525000,32
22537000,32
22548000,32
22559000,31
22570000,31
22581000,19
22592000,19
22604000,37
22614000,29
22626000,29
22638000,32
22649000,24
22659000,24
22670000,24
22682000,24
22692000,29
22704000,36
22715000,36
22726000,33
22737000,35
22748000,35
22760000,28
22772000,28
22783000,26
22794000,33
22806000,33
22816000,30
22828000,25
22840000,25
22852000,42
22864000,44
22875000,44
22886000,20
22898000,20
22910000,31
22921000,33
22932000,33
22943000,45
22954000,21
22965000,21
22977000,36
22987000,36
22997000,31
23008000,25
23020000,25
23031000,27
23042000,27
23053000,31
23064000,41
23075000,41
23086000,33
23097000,33
23109000,30
23120000,32
23130000,32
23142000,44
23154000,33
23165000,33
23176000,27
23187000,27
23198000,44
23209000,40
23221000,40
23232000,38
23243000,18
23254000,18
23264000,29
23275000,29
23286000,31
23297000,36
23308000,36
23319000,40
23329000,40
23341000,47
23351000,28
23362000,28
23372000,41
23384000,41
23395000,37
23407000,34
23418000,34
23428000,34
23440000,34
23451000,35
23462000,52
23473000,52
23485000,42
23496000,42
23507000,42
23518000,28
23529000,28
23540000,48
23551000,43
23562000,43
23572000,24
23583000,24
23594000,32
23605000,31
23616000,31
23627000,43
23638000,43
23649000,28
23660000,38
23672000,38
23683000,38
23694000,16
23706000,16
23717000,26
23728000,26
23740000,30
23751000,28
23762000,28
23774000,24
23785000,41
23796000,41
23807000,28
23817000,28
23829000,34
23841000,26
23854000,26
23866000,32
23876000,44
23888000,44
23898000,19
23910000,19
23922000,22
23934000,25
23945000,25
23955000,36
23966000,44
23977000,44
23988000,37
24000000,37
24012000,28
24023000,29
24034000,29
24045000,47
24056000,24
24068000,24
24079000,26
24090000,26
24101000,42
24111000,33
24123000,33
24135000,20
24146000,26
24157000,26
24168000,32
24179000,32
24191000,25
24203000,39
24214000,39
24224000,32
24235000,32
24245000,29
24257000,43
24269000,43
24280000,23
24292000,47
24303000,47
24313000,24
24325000,41
24336000,41
24347000,20
24359000,20
24370000,33
24381000,28
24393000,28
24404000,37
24414000,37
24425000,43
24437000,51
24448000,51
24459000,62
24470000,53
24481000,53
24492000,71
24504000,71
24515000,3
24526000,3
24536000,3
24547000,3
24558000,3
24569000,3
24580000,3
24591000,3
24602000,3
24613000,3
24624000,3
24635000,2500
24646000,2500
24657000,2500
24668000,2500
24678000,2500
24689000,2500
24700000,2500
24712000,2500
24723000,2500
24735000,2500
24746000,2500
24758000,2500
24770000,2500
24781000,2500
24792000,2500
24804000,2500
24816000,2500
24827000,2500
24837000,2500
24848000,2500
24859000,2500
24871000,2500
24881000,2500
24892000,2500
24904000,2500
24915000,2500
24925000,2500
24937000,2500
24948000,2500
24960000,2500
24971000,2500
24982000,2500
24993000,2500
25004000,2500
25015000,2500
25026000,2500
25038000,2500
25049000,2500
25060000,2500
25070000,2500
25081000,2500
25092000,2500
25103000,2500
25114000,2500
25126000,2500
25138000,119
25149000,119
25159000,93
25170000,93
25181000,104
25192000,104
25202000,104
25213000,104
25224000,104
25236000,104
25246000,104
25256000,104
25268000,104
25280000,104
25290000,2500
25301000,2500
25312000,2500
25324000,2500
25335000,2500
25346000,2500
25358000,2500
25369000,2500
25380000,2500
25391000,2500
25402000,2500
25412000,2500
25423000,2500
25434000,2500
25446000,2500
25457000,2500
25468000,2500
25479000,2500
25490000,2500
25501000,2500
25512000,2500
25524000,2500
25535000,2500
25546000,2500
25558000,2500
25569000,2500
25580000,2500
25592000,2500
25602000,2500
25612000,2500
25624000,2500
25635000,2500
25646000,2500
25657000,2500
25669000,2500
25681000,2500
25692000,2500
25704000,2500
25716000,2500
25727000,2500
25738000,2500
25749000,2500
25760000,2500
25771000,2500
25783000,2500
25795000,2500
25807000,2500
25819000,2500
25831000,2500
25843000,2500
25855000,2500
25866000,2500
25877000,2500
25888000,2500
25899000,2500
25910000,2500
25921000,2500
25932000,2500
25943000,2500
25955000,2500
25966000,2500
25978000,2500
25989000,2500
26000000,2500
26011000,2500
26023000,2500
26034000,2500
26045000,2500
26056000,2500
26066000,2500
26077000,2500
26087000,2500
26098000,2500
26109000,2500
26120000,2500
26131000,2500
26143000,2500
26155000,2500
26166000,2500
26177000,2500
26188000,2500
26199000,2500
26210000,2500
26220000,2500
26231000,2500
26242000,2500
26254000,2500
26265000,2500
26276000,2500
26287000,2500
26297000,2500
26308000,2500
26319000,2500
26329000,2500
26340000,2500
26351000,2500
26362000,2500
26373000,2500
26384000,2500
26395000,2500
26405000,2500
26417000,2500
26428000,2500
26439000,2500
26451000,2500
26463000,2500
26474000,2500
26486000,2500
26496000,2500
26508000,2500
26519000,2500
26530000,2500
26540000,2500
26551000,2500
26563000,2500
26574000,2500
26586000,2500
26597000,2500
26608000,2500
26619000,2500
26630000,2500
26642000,2500
26653000,2500
26665000,2500
26676000,2500
26687000,2500
26698000,2500
26710000,2500
26720000,2500
26730000,2500
26741000,2500
26753000,2500
26764000,2500
26776000,2500
26787000,2500
26799000,2500
26810000,2500
26820000,2500
26830000,2500
26842000,2500
26854000,2500
26866000,2500
26877000,2500
26888000,2500
26900000,2500
26912000,2500
26924000,2500
26935000,2500
26946000,2500
26957000,2500
26968000,2500
26979000,2500
26991000,2500
27002000,2500
27013000,2500
27024000,2500
27035000,2500
27045000,2500
27057000,2500
27068000,2500
27079000,2500
27090000,2500
27101000,2500
27112000,2500
27124000,2500
27135000,2500
27146000,2500
27156000,2500
27167000,2500
27178000,2500
27190000,2500
27201000,2500
27212000,2500
27223000,2500
27234000,2500
27244000,2500
27255000,2500
27267000,2500
27278000,2500
27288000,2500
27299000,2500
27310000,2500
27321000,2500
27332000,2500
27343000,2500
27354000,2500
27364000,2500
27375000,2500
27385000,2500
27397000,2500
27409000,2500
27420000,2500
27432000,2500
27443000,2500
27454000,2500
27465000,2500
27475000,2500
27485000,2500
27496000,2500
27507000,2500
27518000,2500
27529000,2500
27540000,2500
27551000,2500
27561000,2500
27573000,2500
27584000,2500
27596000,2500
27608000,2500
27618000,2500
27629000,2500
27640000,2500
27651000,2500
27663000,2500
27675000,2500
27686000,2500
27697000,2500
27708000,2500
27719000,2500
27729000,2500
27740000,2500
27750000,2500
27762000,2500
27774000,2500
27785000,2500
27796000,2500
27807000,2500
27819000,2500
27830000,2500
27842000,2500
27853000,2500
27863000,2500
27875000,2500
27887000,2500
27898000,2500
27909000,2500
27920000,2500
27932000,2500
27943000,2500
27954000,2500
27965000,2500
27977000,2500
27988000,2500
27999000,2500
28009000,2500
28020000,2500
28031000,2500
28042000,2500
28053000,2500
28063000,2500
28074000,2500
28085000,2500
28096000,2500
28107000,2500
28119000,2500
28129000,2500
28141000,2500
28152000,2500
28163000,2500
28174000,2500
28186000,2500
28197000,2500
28208000,2500
28219000,2500
28230000,2500
28241000,2500
28252000,2500
28263000,2500
28274000,2500
28285000,2500
28295000,2500
28305000,2500
28316000,2500
28327000,2500
28339000,2500
28349000,2500
28360000,2500
28371000,2500
28381000,2500
28392000,2500
28404000,2500
28414000,2500
28425000,2500
28436000,2500
28447000,2500
28457000,2500
28468000,2500
28479000,2500
28490000,2500
28501000,2500
28512000,2500
28524000,2500
28536000,2500
28547000,2500
28557000,2500
28568000,2500
28579000,2500
28591000,2500
28602000,2500
28613000,2500
28624000,2500
28636000,2500
28647000,2500
28658000,2500
28670000,2500
28682000,2500
28693000,2500
28703000,2500
28714000,2500
28725000,2500
28736000,2500
28747000,2500
28759000,2500
28771000,2500
28782000,2500
28794000,2500
28805000,2500
28817000,2500
28828000,2500
28840000,2500
28851000,2500
28862000,2500
28874000,2500
28884000,2500
28895000,2500
28906000,2500
28918000,2500
28929000,2500
28941000,2500
28952000,2500
28963000,2500
28973000,2500
28984000,2500
28995000,2500
29007000,2500
29019000,2500
29030000,2500
29041000,2500
29053000,2500
29064000,2500
29076000,2500
29087000,2500
29098000,2500
29108000,2500
29119000,2500
29130000,2500
29141000,2500
29153000,2500
29164000,2500
29175000,2500
29185000,2500
29196000,2500
29208000,2500
29218000,2500
29230000,2500
29240000,2500
29252000,2500
29263000,2500
29274000,2500
29285000,2500
29297000,2500
29308000,2500
29320000,2500
29331000,2500
29341000,2500
29353000,2500
29364000,2500
29375000,2500
29386000,2500
29397000,2500
29408000,2500
29419000,2500
29429000,2500
29440000,2500
29452000,2500
29463000,2500
29473000,2500
29485000,2500
29496000,2500
29507000,2500
29517000,2500
29528000,2500
29538000,2500
29549000,2500
29560000,2500
29571000,2500
29581000,2500
29592000,2500
29602000,2500
29614000,2500
29625000,2500
29636000,2500
29646000,2500
29658000,2500
29669000,2500
29681000,2500
29694000,2500
29704000,2500
29715000,2500
29726000,2500
29737000,2500
29748000,2500
29759000,2500
29769000,2500
29780000,2500
29791000,2500
29802000,2500
29814000,2500
29826000,2500
29837000,2500
29848000,2500
29859000,2500
29869000,2500
29881000,2500
29893000,2500
29905000,2500
29915000,2500
29925000,2500
29936000,2500
29947000,2500
29959000,2500
29970000,2500
29981000,2500
29993000,2500
30005000,2500
30016000,2500
30027000,2500
30037000,2500
30048000,2500
30059000,2500
30070000,2500
30081000,2500
30092000,2500
30102000,2500
30112000,2500
30124000,2500
30136000,2500
30147000,2500
30158000,2500
30170000,2500
30181000,2500
30193000,2500
30205000,2500
30215000,2500
30225000,2500
30236000,2500
30247000,2500
30258000,2500
30270000,2500
30282000,2500
30293000,2500
30304000,2500
30315000,2500
30325000,2500
30337000,2500
30348000,2500
30359000,2500
30371000,2500
30382000,2500
30394000,2500
30405000,2500
30416000,2500
30427000,2500
30439000,2500
30450000,2500
30461000,2500
30471000,2500
30482000,2500
30492000,2500
30503000,2500
30515000,2500
30526000,2500
30537000,2500
30548000,2500
30559000,2500
30570000,2500
30580000,2500
30591000,2500
30603000,2500
30614000,2500
30625000,2500
30635000,2500
30645000,2500
30657000,2500
30669000,2500
30680000,2500
30693000,2500
30706000,2500
30717000,2500
30729000,2500
30740000,2500
30751000,2500
30763000,2500
30775000,2500
30786000,2500
30798000,2500
30809000,2500
30820000,2500
30831000,2500
30842000,2500
30853000,2500
30864000,2500
30876000,2500
30887000,2500
30898000,2500
30909000,2500
30920000,2500
30931000,2500
30942000,2500
30952000,2500
30963000,2500
30974000,2500
30985000,2500
30996000,2500
31007000,2500
31018000,2500
31028000,2500
31040000,2500
31052000,2500
31063000,2500
31074000,2500
31086000,2500
31097000,2500
31108000,2500
31119000,2500
31130000,2500
31142000,2500
31153000,2500
31165000,2500
31176000,2500
31187000,2500
31198000,2500
31209000,2500
31220000,2500
31230000,2500
31241000,2500
31251000,2500
31262000,2500
31274000,2500
31285000,2500
31297000,2500
31308000,2500
31320000,2500
31330000,2500
31341000,2500
31352000,2500
31363000,2500
31374000,2500
31386000,2500
31397000,2500
31408000,2500
31419000,2500
31431000,2500
31442000,2500
31452000,2500
31463000,2500
31475000,2500
31486000,2500
31497000,2500
31508000,2500
31519000,2500
31530000,2500
31542000,2500
31554000,2500
31565000,2500
31577000,2500
31588000,2500
31599000,2500
31609000,2500
31620000,2500
31631000,2500
31643000,2500
31653000,2500
31664000,2500
31675000,2500
31687000,2500
31699000,2500
31710000,2500
31722000,2500
31733000,2500
31745000,2500
31756000,2500
31767000,2500
31777000,2500
31789000,2500
31801000,2500
31813000,2500
31824000,2500
31835000,2500
31846000,2500
31857000,2500
31868000,2500
31880000,2500
31891000,2500
31903000,2500
31914000,2500
31926000,2500
31937000,2500
31948000,2500
31959000,2500
31970000,2500
31980000,2500
31992000,2500
32002000,2500
32014000,2500
32026000,2500
32038000,2500
32048000,2500
32059000,2500
32070000,2500
32081000,2500
32092000,2500
32103000,2500
32114000,2500
32125000,2500
32136000,2500
32147000,2500
32158000,2500
32169000,2500
32180000,2500
32192000,2500
32204000,2500
32215000,2500
32225000,2500
32237000,2500
32248000,2500
32259000,2500
32270000,2500
32281000,2500
32291000,2500
32303000,2500
32314000,2500
32326000,2500
32336000,2500
32347000,2500
32358000,2500
32368000,2500
32379000,2500
32390000,2500
32402000,2500
32414000,2500
32424000,2500
32435000,2500
32446000,2500
32458000,2500
32469000,2500
32480000,2500
32492000,2500
32503000,2500
32514000,2500
32526000,2500
32536000,2500
32548000,2500
32560000,2500
32571000,2500
32581000,2500
32592000,2500
32604000,2500
32615000,2500
32626000,2500
32637000,2500
32648000,2500
32660000,2500
32671000,2500
32682000,2500
32694000,2500
32706000,2500
32718000,2500
32730000,2500
32740000,2500
32752000,2500
32764000,2500
32776000,2500
32788000,2500
32799000,2500
32809000,2500
32820000,2500
32831000,2500
32842000,2500
32852000,2500
32863000,2500
32874000,2500
32887000,2500
32900000,2500
32911000,2500
32923000,2500
32934000,2500
32944000,2500
32954000,2500
32965000,2500
32976000,2500
32987000,2500
32998000,2500
33010000,2500
33021000,2500
33032000,2500
33043000,2500
33055000,2500
33066000,2500
33078000,2500
33088000,2500
33099000,2500
33109000,2500
33119000,2500
33130000,2500
33141000,2500
33153000,2500
33164000,2500
33175000,2500
33185000,2500
33197000,2500
33209000,2500
33220000,2500
33231000,2500
33241000,2500
33252000,2500
33263000,2500
33273000,2500
33284000,2500
33296000,2500
33306000,2500
33318000,2500
33330000,2500
33342000,2500
33353000,2500
33365000,2500
33376000,2500
33388000,2500
33399000,2500
33411000,2500
33422000,2500
33434000,2500
33445000,2500
33456000,2500
33467000,2500
33478000,2500
33490000,2500
33502000,2500
33513000,2500
33523000,2500
33535000,2500
33547000,2500
33558000,2500
33568000,2500
33579000,2500
33590000,2500
33601000,2500
33612000,2500
33623000,2500
33635000,2500
33647000,2500
33657000,2500
33668000,2500
33679000,2500
33690000,2500
33702000,2500
33712000,2500
33723000,2500
33734000,2500
33746000,2500
33757000,2500
33768000,2500
33779000,2500
33791000,2500
33802000,2500
33813000,2500
33823000,2500
33835000,2500
33847000,2500
33858000,2500
33868000,2500
33879000,2500
33890000,2500
33903000,2500
33914000,2500
33925000,2500
33936000,2500
33947000,2500
33958000,2500
33969000,2500
33980000,2500
33992000,2500
34004000,2500
34016000,2500
34027000,2500
34037000,2500
34048000,2500
34059000,2500
34070000,2500
34081000,2500
34093000,2500
34104000,2500
34115000,2500
34126000,2500
34137000,2500
34148000,2500
34158000,2500
34169000,2500
34180000,2500
34192000,2500
34202000,2500
34213000,2500
34224000,2500
34236000,2500
34247000,2500
34258000,2500
34270000,2500
34281000,2500
34291000,2500
34302000,2500
34313000,2500
34324000,2500
34335000,2500
34346000,2500
34357000,2500
34368000,2500
34379000,2500
34390000,2500
34401000,2500
34412000,2500
34423000,2500
34434000,2500
34444000,2500
34456000,2500
34468000,2500
34479000,2500
34491000,2500
34502000,2500
34513000,2500
34524000,2500
34536000,2500
34547000,2500
34559000,2500
34571000,2500
34582000,2500
34592000,2500
34603000,2500
34614000,2500
34625000,2500
34636000,2500
34646000,2500
34657000,2500
34668000,2500
34678000,2500
34689000,2500
34701000,2500
34711000,2500
34724000,2500
34737000,2500
34747000,2500
34758000,2500
34770000,2500
34780000,2500
34791000,2500
34802000,2500
34813000,2500
34825000,2500
34836000,2500
34848000,2500
34859000,2500
34870000,2500
34880000,2500
34891000,2500
34902000,2500
34913000,2500
34925000,2500
34936000,2500
34948000,2500
34959000,2500
34969000,2500
34979000,2500
34990000,2500
35002000,2500
35013000,2500
35023000,2500
35034000,2500
35045000,2500
35055000,2500
35066000,2500
35077000,2500
35089000,2500
35100000,2500
35111000,2500
35122000,2500
35133000,2500
35145000,2500
35157000,2500
35168000,2500
35178000,2500
35189000,2500
35200000,2500
35211000,2500
35223000,2500
35235000,2500
35246000,2500
35256000,2500
35268000,2500
35278000,2500
35288000,2500
35299000,2500
35310000,2500
35320000,2500
35331000,2500
35342000,2500
35354000,2500
35365000,2500
35375000,2500
35386000,2500
35396000,2500
35407000,2500
35419000,2500
35430000,2500
35440000,2500
35452000,2500
35463000,2500
35475000,2500
35486000,2500
35497000,2500
35508000,2500
35520000,2500
35531000,2500
35542000,2500
35553000,2500
35564000,2500
35575000,2500
35586000,2500
35597000,2500
35608000,2500
35618000,2500
35629000,2500
35641000,2500
35651000,2500
35663000,2500
35675000,2500
35685000,2500
35696000,2500
35706000,2500
35717000,2500
35730000,2500
35741000,2500
35752000,2500
35764000,2500
35774000,2500
35784000,2500
35795000,2500
35806000,2500
35817000,2500
35828000,2500
35839000,2500
35851000,2500
35863000,2500
35873000,2500
35885000,2500
35897000,2500
35908000,2500
35919000,2500
35929000,2500
35941000,2500
35952000,2500
35964000,2500
35975000,2500
35986000,2500
35997000,2500
36009000,2500
36019000,2500
36030000,2500
36040000,2500
36052000,2500
36063000,2500
36074000,2500
36085000,2500
36096000,2500
36108000,2500
36119000,2500
36130000,2500
36140000,2500
36152000,2500
36162000,2500
36174000,2500
36185000,2500
36196000,2500
36207000,2500
36218000,2500
36229000,2500
36241000,2500
36252000,2500
36264000,2500
36275000,2500
36286000,2500
36296000,2500
36307000,2500
36318000,2500
36328000,2500
36340000,2500
36350000,2500
36362000,2500
36373000,2500
36384000,2500
36395000,2500
36407000,2500
36419000,2500
36430000,2500
36440000,2500
36450000,2500
36461000,2500
36472000,2500
36483000,2500
36494000,2500
36506000,2500
36517000,2500
36527000,2500
36538000,2500
36549000,2500
36560000,2500
36572000,2500
36583000,2500
36594000,2500
36605000,2500
36616000,2500
36627000,2500
36639000,2500
36650000,2500
36662000,2500
36673000,2500
36684000,2500
36694000,2500
36706000,2500
36717000,2500
36728000,2500
36740000,2500
36752000,2500
36764000,2500
36775000,2500
36787000,2500
36799000,2500
36810000,2500
36822000,2500
36833000,2500
36844000,2500
36856000,2500
36867000,2500
36877000,2500
36889000,2500
36899000,2500
36910000,2500
36922000,2500
36934000,2500
36945000,2500
36956000,2500
36966000,2500
36977000,2500
36989000,2500
37001000,2500
37011000,2500
37022000,2500
37032000,2500
37044000,2500
37055000,2500
37066000,2500
37078000,65
37090000,65
37102000,86
37112000,95
37122000,95
37133000,113
37145000,113
37156000,107
37167000,95
37178000,95
37189000,107
37200000,107
37211000,90
37223000,88
37233000,88
37244000,103
37256000,103
37267000,83
37278000,94
37288000,94
37300000,94
37311000,71
37321000,71
37332000,58
37343000,58
37353000,56
37364000,56
37375000,50
37385000,72
37396000,72
37407000,80
37418000,80
37429000,68
37439000,63
37451000,63
37462000,54
37472000,54
37483000,71
37494000,66
37505000,66
37516000,73
37527000,73
37537000,56
37548000,76
37558000,76
37568000,65
37578000,65
37589000,58
37600000,72
37611000,72
37622000,59
37634000,59
37644000,58
37656000,59
37667000,59
37677000,71
37689000,71
37701000,54
37713000,55
37724000,55
37735000,67
37745000,74
37757000,74
37768000,67
37779000,67
37789000,54
37800000,67
37810000,67
37822000,66
37834000,66
37846000,67
37857000,66
37868000,66
37879000,83
37891000,62
37903000,62
37915000,64
37925000,64
37936000,63
37947000,69
37959000,69
37969000,68
37980000,77
37991000,77
38001000,67
38012000,67
38023000,66
38034000,66
38045000,70
38057000,78
38068000,78
38079000,78
38090000,71
38101000,71
38112000,71
38123000,71
38135000,70
38146000,81
38157000,81
38168000,60
38180000,73
38191000,73
38202000,65
38214000,65
38225000,56
38236000,63
38247000,63
38257000,58
38269000,58
38280000,66
38291000,72
38302000,72
38312000,63
38323000,63
38335000,78
38346000,65
38357000,65
38367000,68
38379000,73
38390000,73
38401000,60
38412000,60
38424000,75
38435000,62
38445000,62
38456000,54
38467000,54
38478000,62
38489000,64
38501000,64
38512000,65
38524000,72
38536000,72
38547000,73
38558000,73
38569000,74
38581000,59
38592000,59
38602000,75
38614000,63
38625000,63
38636000,75
38647000,75
38658000,72
38669000,66
38681000,66
38692000,71
38704000,71
38714000,62
38726000,74
38737000,74
38748000,69
38760000,65
38772000,65
38784000,65
38795000,54
38807000,54
38819000,65
38830000,65
38841000,59
38852000,72
38863000,72
38873000,55
38884000,55
38896000,72
38908000,60
38920000,60
38931000,64
38942000,62
38953000,62
38964000,70
38974000,70
38985000,62
38995000,72
39006000,72
39017000,76
39028000,76
39039000,67
39051000,64
39062000,64
39073000,58
39084000,64
39094000,64
39105000,68
39115000,68
39126000,55
39138000,61
39150000,61
39162000,69
39172000,69
39183000,75
39194000,69
39206000,69
39217000,64
39227000,64
39238000,59
39249000,48
39261000,48
39272000,67
39284000,55
39295000,55
39305000,71
39317000,71
39328000,58
39339000,70
39350000,70
39361000,61
39372000,61
39384000,57
39395000,68
39406000,68
39417000,66
39429000,76
39440000,76
39451000,63
39462000,63
39473000,62
39485000,62
39496000,62
39507000,64
39518000,64
39529000,72
39540000,61
39551000,61
39561000,66
39573000,64
39583000,64
39595000,63
39607000,63
39618000,64
39629000,68
39641000,68
39652000,72
39664000,67
39674000,67
39685000,77
39696000,77
39707000,74
39717000,69
39729000,69
39740000,62
39751000,62
39763000,71
39773000,63
39784000,63
39796000,60
39808000,60
39819000,60
39831000,56
39843000,56
39854000,54
39864000,59
39875000,59
39886000,53
39897000,53
39907000,68
39918000,53
39929000,53
39940000,65
39952000,65
39963000,67
39975000,62
39985000,62
39996000,57
40007000,63
40018000,63
40029000,67
40041000,67
40052000,71
40063000,61
40075000,61
40087000,65
40097000,65
40108000,67
40119000,63
40130000,63
40142000,82
40153000,76
40163000,76
40174000,68
40185000,68
40196000,79
40208000,72
40220000,72
40231000,74
40242000,82
40254000,82
40265000,66
40277000,66
40289000,81
40300000,73
40310000,73
40322000,72
40334000,61
40346000,61
40356000,68
40368000,68
40379000,58
40389000,79
40401000,79
40412000,69
40423000,69
40434000,65
40444000,74
40456000,74
40466000,81
40477000,69
40489000,69
40499000,65
40510000,65
40522000,70
40533000,73
40544000,73
40556000,69
40567000,69
40578000,77
40589000,74
40600000,74
40611000,88
40622000,88
40633000,80
40644000,75
40654000,75
40664000,69
40676000,69
40688000,79
40699000,73
40710000,73
40723000,79
40733000,75
40744000,75
40756000,72
40767000,77
40779000,77
40790000,68
40802000,68
40814000,73
40826000,66
40838000,66
40849000,74
40860000,86
40872000,86
40883000,70
40894000,84
40905000,84
40916000,65
40927000,65
40938000,66
40948000,86
40960000,86
40972000,77
40983000,77
40994000,74
41005000,67
41016000,67
41027000,72
41038000,73
41049000,73
41060000,71
41071000,71
41083000,77
41094000,80
41106000,80
41118000,73
41130000,65
41140000,65
41151000,80
41162000,80
41173000,79
41184000,70
41194000,70
41205000,76
41216000,76
41226000,62
41238000,74
41249000,74
41261000,72
41273000,72
41285000,62
41296000,70
41307000,70
41318000,72
41329000,88
41339000,88
41350000,66
41361000,66
41373000,78
41384000,73
41395000,73
41407000,77
41418000,77
41428000,69
41439000,79
41450000,79
41461000,81
41472000,78
41484000,78
41495000,85
41506000,85
41517000,67
41527000,56
41537000,56
41549000,74
41560000,74
41571000,74
41582000,81
41593000,81
41605000,75
41616000,75
41627000,76
41638000,86
41648000,86
41659000,66
41671000,66
41682000,71
41693000,68
41704000,68
41714000,71
41724000,71
41735000,74
41746000,78
41758000,78
41770000,78
41781000,79
41792000,79
41802000,72
41813000,72
41824000,79
41835000,78
41846000,78
41857000,59
41868000,59
41879000,82
41889000,74
41900000,74
41912000,74
41923000,74
41934000,70
41945000,78
41957000,78
41969000,79
41980000,73
41990000,73
42002000,59
42013000,59
42024000,73
42035000,73
42046000,73
42057000,77
42068000,77
42079000,80
42090000,79
42100000,79
42111000,86
42121000,86
42132000,70
42143000,70
42155000,70
42166000,66
42178000,66
42188000,74
42199000,61
42209000,61
42221000,70
42232000,70
42243000,71
42254000,80
42266000,80
42277000,72
42288000,69
42299000,69
42310000,65
42321000,65
42333000,71
42343000,66
42353000,66
42364000,78
42375000,78
42387000,77
42398000,77
42409000,77
42420000,80
42430000,80
42441000,73
42453000,85
42464000,85
42475000,89
42485000,89
42495000,84
42506000,81
42518000,81
42529000,87
42540000,87
42552000,83
42563000,98
42574000,98
42584000,104
42594000,104
42604000,103
42615000,108
42626000,108
42637000,100
42649000,100
42661000,85
42672000,109
42683000,109
42694000,110
42705000,108
42716000,108
42726000,101
42737000,101
42748000,106
42759000,110
42771000,110
42783000,105
42795000,105
42806000,104
42818000,102
42829000,102
42840000,108
42852000,98
42863000,98
42874000,111
42886000,111
42897000,97
42908000,96
42920000,96
42931000,83
42941000,83
42953000,86
42964000,96
42974000,96
42986000,84
42997000,97
43008000,97
43020000,97
43032000,97
43043000,97
43055000,97
43066000,97
43077000,97
43089000,97
43101000,97
43113000,97
43125000,2500
43135000,2500
43146000,2500
43158000,2500
43170000,2500
43181000,2500
43192000,2500
43204000,2500
43215000,2500
43225000,2500
43236000,2500
43247000,2500
43258000,2500
43269000,2500
43279000,2500
43291000,2500
43302000,2500
43314000,2500
43325000,2500
43336000,2500
43347000,2500
43358000,2500
43368000,2500
43380000,2500
43391000,2500
43403000,2500
43414000,2500
43425000,2500
43435000,2500
43446000,2500
43456000,2500
43467000,2500
43478000,2500
43490000,2500
43501000,2500
43513000,2500
43524000,2500
43535000,2500
43546000,2500
43557000,2500
43568000,2500
43579000,2500
43590000,2500
43601000,2500
43612000,2500
43624000,2500
43635000,2500
43647000,2500
43658000,2500
43669000,2500
43681000,2500
43693000,2500
43705000,2500
43716000,2500
43726000,2500
43738000,2500
43749000,2500
43760000,2500
43771000,2500
43782000,2500
43793000,2500
43805000,2500
43816000,2500
43826000,2500
43837000,2500
43848000,2500
43859000,2500
43870000,2500
43881000,2500
43892000,2500
43903000,2500
43913000,2500
43924000,2500
43935000,2500
43946000,2500
43958000,2500
43970000,2500
43981000,2500
43992000,2500
44004000,2500
44015000,2500
44027000,2500
44038000,2500
44050000,2500
44062000,2500
44073000,2500
44084000,2500
44095000,2500
44106000,2500
44117000,2500
44128000,2500
44138000,2500
44149000,2500
44159000,2500
44171000,2500
44182000,2500
44193000,2500
44204000,2500
44215000,2500
44226000,2500
44237000,2500
44248000,2500
44259000,2500
44270000,2500
44280000,2500
44291000,2500
44302000,2500
44313000,2500
44324000,2500
44334000,2500
44345000,2500
44356000,2500
44367000,2500
44378000,2500
44389000,2500
44400000,2500
44412000,2500
44422000,2500
44434000,2500
44445000,2500
44456000,2500
44469000,2500
44480000,2500
44492000,2500
44503000,2500
44514000,2500
44525000,2500
44535000,2500
44547000,2500
44558000,2500
44570000,2500
44581000,2500
44591000,2500
44601000,2500
44613000,2500
44624000,2500
44635000,2500
44645000,2500
44656000,2500
44667000,2500
44678000,2500
44689000,2500
44700000,2500
44711000,2500
44722000,2500
44733000,2500
44744000,2500
44755000,2500
44766000,2500
44777000,2500
44788000,2500
44801000,2500
44813000,2500
44824000,2500
44834000,2500
44846000,2500
44857000,2500
44868000,2500
44879000,2500
44890000,2500
44901000,2500
44912000,2500
44924000,2500
44935000,2500
44946000,2500
44957000,2500
44968000,2500
44978000,2500
44989000,2500
44999000,2500
45010000,2500
45021000,2500
45032000,2500
45042000,2500
45053000,2500
45064000,2500
45076000,2500
45088000,2500
45099000,2500
45109000,2500
45120000,2500
45130000,2500
45141000,2500
45152000,2500
45163000,2500
45175000,2500
45188000,2500
45199000,2500
45210000,2500
45222000,2500
45232000,2500
45244000,2500
45255000,2500
45266000,2500
45277000,2500
45289000,2500
45299000,2500
45310000,2500
45322000,2500
45334000,2500
45344000,2500
45356000,2500
45367000,2500
45378000,2500
45388000,2500
45399000,2500
45411000,2500
45422000,2500
45433000,2500
45443000,2500
45455000,2500
45466000,2500
45477000,2500
45487000,2500
45498000,2500
45509000,2500
45520000,2500
45531000,2500
45542000,2500
45554000,2500
45565000,2500
45576000,2500
45586000,2500
45597000,2500
45608000,2500
45620000,2500
45632000,2500
45643000,2500
45654000,2500
45666000,2500
45679000,2500
45689000,2500
45700000,2500
45711000,2500
45722000,2500
45733000,2500
45743000,2500
45755000,2500
45766000,2500
45777000,2500
45787000,2500
45799000,2500
45809000,2500
45820000,2500
45830000,2500
45841000,2500
45853000,2500
45863000,2500
45873000,2500
45885000,2500
45897000,2500
45908000,2500
45920000,2500
45932000,2500
45943000,2500
45954000,2500
45964000,2500
45975000,2500
45986000,2500
45997000,2500
46008000,2500
46020000,2500
46032000,2500
46044000,2500
46054000,2500
46066000,2500
46078000,2500
46088000,2500
46099000,2500
46110000,2500
46121000,2500
46133000,2500
46144000,2500
46154000,2500
46166000,2500
46177000,2500
46188000,2500
46200000,2500
46211000,2500
46222000,2500
46232000,2500
46243000,2500
46254000,2500
46265000,2500
46277000,2500
46287000,2500
46298000,2500
46310000,2500
46321000,2500
46332000,2500
46343000,2500
46353000,2500
46365000,2500
46377000,2500
46387000,2500
46398000,2500
46409000,2500
46420000,2500
46432000,2500
46443000,2500
46454000,2500
46466000,2500
46478000,2500
46489000,2500
46500000,2500
46512000,2500
46522000,2500
46533000,2500
46545000,2500
46556000,2500
46567000,2500
46578000,2500
46589000,2500
46601000,2500
46612000,2500
46623000,2500
46635000,2500
46646000,2500
46657000,2500
46668000,2500
46679000,2500
46689000,2500
46701000,2500
46712000,2500
46723000,2500
46733000,2500
46744000,2500
46754000,2500
46765000,2500
46777000,2500
46787000,2500
46797000,2500
46808000,2500
46819000,2500
46829000,2500
46840000,2500
46850000,2500
46861000,2500
46872000,2500
46883000,2500
46893000,2500
46905000,2500
46915000,2500
46926000,2500
46937000,2500
46948000,2500
46960000,2500
46972000,2500
46983000,2500
46994000,2500
47005000,2500
47017000,2500
47029000,2500
47040000,2500
47051000,2500
47062000,2500
47073000,2500
47084000,2500
47094000,2500
47106000,2500
47117000,2500
47129000,2500
47140000,2500
47151000,2500
47161000,2500
47172000,2500
47182000,2500
47192000,2500
47203000,2500
47216000,2500
47226000,2500
47237000,2500
47248000,2500
47259000,2500
47270000,2500
47281000,2500
47292000,2500
47304000,2500
47316000,2500
47327000,2500
47338000,2500
47349000,2500
47359000,2500
47371000,2500
47381000,2500
47392000,2500
47404000,2500
47416000,2500
47427000,2500
47439000,2500
47450000,2500
47460000,2500
47472000,2500
47483000,2500
47494000,2500
47505000,2500
47517000,2500
47527000,2500
47539000,2500
47551000,2500
47561000,2500
47572000,2500
47582000,2500
47594000,2500
47604000,2500
47615000,2500
47626000,2500
47637000,2500
47648000,2500
47659000,2500
47669000,2500
47680000,2500
47691000,2500
47702000,2500
47713000,2500
47724000,2500
47736000,2500
47747000,2500
47757000,2500
47768000,2500
47780000,2500
47791000,2500
47803000,2500
47815000,2500
47827000,2500
47839000,2500
47850000,2500
47861000,2500
47872000,2500
47882000,2500
47894000,2500
47904000,2500
47914000,2500
47925000,2500
47937000,2500
47948000,2500
47959000,2500
47971000,2500
47982000,2500
47994000,2500
48004000,2500
48016000,2500
48027000,2500
48038000,2500
48050000,2500
48060000,2500
48072000,2500
48082000,2500
48092000,2500
48104000,2500
48115000,2500
48127000,2500
48139000,2500
48150000,2500
48161000,2500
48172000,2500
48182000,2500
48194000,2500
48204000,2500
48214000,2500
48226000,2500
48238000,2500
48249000,2500
48261000,2500
48272000,2500
48284000,2500
48295000,2500
48306000,2500
48316000,2500
48328000,2500
48340000,2500
48351000,2500
48362000,2500
48372000,2500
48383000,2500
48393000,2500
48403000,2500
48414000,2500
48424000,2500
48436000,2500
48447000,2500
48457000,2500
48467000,2500
48479000,2500
48491000,2500
48503000,2500
48514000,2500
48525000,2500
48537000,2500
48548000,2500
48559000,2500
48570000,2500
48582000,2500
48593000,2500
48603000,2500
48614000,2500
48626000,2500
48637000,2500
48648000,2500
48659000,2500
48670000,2500
48681000,2500
48692000,2500
48704000,2500
48715000,2500
48725000,2500
48737000,2500
48749000,2500
48760000,2500
48770000,2500
48781000,2500
48792000,2500
48803000,2500
48815000,2500
48827000,2500
48839000,2500
48849000,2500
48861000,2500
48872000,2500
48882000,2500
48894000,2500
48905000,2500
48915000,2500
48925000,2500
48936000,2500
48948000,2500
48959000,2500
48971000,2500
48982000,2500
48993000,2500
49004000,2500
49016000,2500
49027000,2500
49039000,2500
49051000,2500
49062000,2500
49072000,2500
49084000,2500
49096000,2500
49107000,2500
49117000,2500
49128000,2500
49140000,2500
49152000,2500
49162000,2500
49173000,2500
49184000,2500
49195000,2500
49207000,2500
49218000,2500
49228000,2500
49239000,2500
49250000,2500
49261000,2500
49272000,2500
49282000,2500
49293000,2500
49304000,2500
49314000,2500
49326000,2500
49337000,2500
49348000,2500
49360000,2500
49370000,2500
49381000,2500
49391000,2500
49403000,2500
49415000,2500
49426000,2500
49436000,0
49447000,0
49458000,0
49470000,90
49481000,90
49492000,67
49503000,67
49515000,84
49525000,120
49536000,120
49547000,108
49557000,108
49567000,120
49578000,95
49589000,95
49599000,94
49610000,94
49622000,116
49632000,116
49644000,98
49654000,104
49665000,104
49676000,90
49686000,90
49697000,147
49708000,111
49719000,111
49730000,87
49741000,87
49752000,115
49763000,64
49774000,64
49785000,71
49797000,71
49808000,107
49820000,143
49834000,143
49845000,105
49855000,110
49866000,110
49877000,97
49888000,97
49899000,80
49910000,86
49920000,86
49931000,100
49941000,100
49953000,94
49964000,110
49976000,110
49988000,110
49999000,106
50010000,106
50021000,130
50033000,130
50044000,127
50055000,122
50067000,122
50077000,103
50088000,103
50099000,120
50110000,110
50121000,110
50132000,124
50144000,124
50154000,123
50165000,144
50177000,144
50188000,110
50199000,110
50210000,116
50221000,111
50232000,111
50244000,131
50254000,131
50266000,114
50277000,116
50289000,116
50299000,88
50309000,88
50319000,100
50329000,106
50339000,106
50351000,103
50362000,103
50372000,110
50383000,118
50394000,118
50404000,104
50415000,104
50427000,101
50438000,82
50450000,82
50460000,123
50471000,123
50481000,126
50492000,105
50503000,105
50513000,105
50523000,105
50534000,121
50545000,121
50557000,99
50567000,83
50578000,83
50590000,108
50600000,108
50610000,133
50620000,113
50632000,113
50643000,117
50654000,117
50666000,97
50677000,65
50688000,65
50698000,111
50709000,111
50720000,95
50732000,85
50743000,85
50755000,85
50766000,85
50777000,83
50788000,86
50799000,86
50810000,79
50822000,107
50834000,107
50848000,124
50858000,113
50868000,113
50879000,97
50889000,97
50901000,124
50912000,124
50924000,88
50935000,81
50946000,81
50958000,64
50969000,69
50980000,69
50992000,91
51003000,91
51015000,43
51025000,79
51036000,79
51048000,77
51059000,77
51070000,140
51081000,55
51092000,55
51103000,90
51114000,76
51125000,76
51136000,74
51147000,74
51158000,48
51169000,48
51181000,81
51192000,90
51203000,90
51215000,63
51226000,104
51238000,104
51248000,62
51259000,62
51269000,71
51281000,77
51292000,77
51302000,48
51313000,48
51324000,82
51336000,76
51346000,76
51357000,0
51369000,0
51380000,96
51391000,101
51403000,101
51415000,78
51426000,117
51437000,117
51448000,75
51460000,75
51471000,88
51482000,24
51492000,24
51503000,26
51515000,26
51525000,92
51535000,46
51545000,46
51555000,46
51565000,46
51575000,84
51585000,84
51596000,61
51607000,61
51618000,90
51629000,89
51639000,89
51649000,46
51660000,46
51671000,78
51681000,93
51691000,93
51703000,24
51714000,24
51726000,85
51737000,122
51747000,122
51757000,51
51768000,51
51778000,38
51789000,38
51800000,126
51810000,87
51820000,87
51831000,96
51843000,96
51854000,23
51865000,122
51876000,122
51886000,99
51897000,99
51909000,95
51921000,21
51931000,21
51943000,0
51954000,0
51965000,0
51976000,85
51988000,85
51999000,91
52010000,91
52021000,83
52033000,110
52043000,110
52054000,34
52066000,72
52077000,72
52088000,61
52099000,61
52110000,54
52121000,57
52133000,57
52144000,100
52155000,100
52165000,57
52176000,59
52187000,59
52199000,97
52211000,89
52223000,89
52235000,55
52245000,55
52255000,52
52267000,38
52277000,38
52289000,104
52301000,104
52311000,84
52321000,84
52333000,47
52343000,126
52353000,126
52364000,60
52374000,60
52386000,63
52397000,50
52407000,50
52419000,85
52430000,85
52441000,48
52452000,41
52464000,41
52475000,98
52487000,72
52499000,72
52509000,19
52521000,19
52532000,19
52543000,0
52554000,0
52565000,114
52575000,114
52586000,71
52597000,98
52608000,98
52620000,97
52631000,97
52641000,47
52653000,78
52664000,78
52674000,69
52686000,69
52698000,89
52710000,65
52721000,65
52733000,78
52745000,49
52756000,49
52767000,102
52778000,102
52788000,95
52799000,27
52810000,27
52821000,113
52831000,113
52844000,102
52857000,106
52868000,106
52879000,44
52890000,94
52902000,94
52913000,35
52924000,35
52936000,79
52947000,117
52958000,117
52970000,120
52981000,137
52992000,137
53004000,68
53016000,68
53027000,79
53037000,59
53048000,59
53058000,125
53069000,125
53080000,144
53091000,148
53102000,148
53113000,111
53124000,111
53134000,136
53146000,100
53157000,100
53169000,132
53180000,132
53191000,104
53202000,112
53213000,112
53223000,138
53235000,138
53245000,130
53255000,107
53266000,107
53277000,99
53289000,99
53300000,115
53311000,93
53323000,93
53333000,102
53344000,102
53355000,79
53366000,101
53377000,101
53388000,106
53399000,106
53411000,97
53421000,81
53432000,81
53443000,127
53454000,127
53465000,138
53477000,90
53488000,90
53498000,118
53509000,118
53521000,112
53532000,94
53543000,94
53553000,77
53564000,83
53575000,83
53586000,95
53597000,95
53609000,124
53620000,129
53632000,129
53642000,62
53653000,62
53665000,133
53676000,85
53687000,85
53698000,96
53709000,96
53721000,108
53732000,119
53743000,119
53753000,126
53765000,126
53777000,104
53788000,104
53798000,104
53809000,103
53820000,103
53831000,132
53842000,138
53854000,138
53865000,115
53879000,95
53895000,101
53905000,101
53916000,117
53927000,117
53938000,94
53949000,106
53960000,106
53971000,94
53982000,94
53993000,142
54004000,100
54016000,100
54027000,109
54038000,109
54050000,88
54061000,95
54071000,95
54083000,143
54094000,143
54105000,119
54116000,89
54126000,89
54137000,94
54149000,94
54159000,70
54170000,108
54182000,108
54193000,144
54204000,144
54215000,100
54226000,120
54237000,120
54248000,114
54259000,114
54269000,110
54280000,96
54291000,96
54301000,117
54312000,117
54322000,82
54332000,82
54343000,78
54355000,74
54367000,74
54377000,130
54388000,123
54399000,123
54411000,75
54421000,75
54431000,132
54442000,103
54453000,103
54463000,124
54475000,124
54487000,51
54498000,153
54509000,153
54521000,121
54531000,121
54542000,144
54552000,97
54563000,97
54575000,149
54586000,149
54596000,101
54607000,134
54618000,134
54630000,110
54641000,110
54651000,129
54663000,112
54674000,112
54686000,126
54696000,126
54707000,95
54719000,75
54730000,75
54741000,94
54753000,94
54765000,104
54776000,112
54787000,112
54798000,131
54809000,136
54820000,136
54832000,97
54842000,97
54853000,119
54865000,102
54877000,102
54889000,110
54901000,118
54913000,118
54925000,126
54937000,84
54948000,84
54958000,92
54969000,92
54981000,99
54992000,102
55003000,102
55015000,131
55026000,131
55037000,122
55048000,116
55059000,116
55070000,100
55082000,100
55093000,120
55104000,96
55115000,96
55126000,120
55137000,120
55148000,130
55159000,91
55169000,91
55179000,117
55190000,117
55201000,98
55212000,119
55223000,119
55234000,135
55246000,135
55257000,95
55268000,122
55279000,122
55289000,106
55301000,106
55312000,90
55323000,133
55333000,133
55344000,111
55356000,110
55366000,110
55377000,69
55389000,69
55400000,62
55411000,88
55422000,88
55433000,88
55444000,88
55455000,106
55466000,108
55476000,108
55487000,96
55499000,96
55511000,93
55522000,103
55533000,103
55544000,70
55554000,70
55564000,112
55576000,74
55587000,74
55598000,82
55609000,82
55620000,108
55631000,83
55642000,83
55653000,115
55664000,115
55675000,108
55687000,88
55698000,88
55709000,156
55720000,156
55731000,67
55741000,106
55752000,106
55763000,94
55774000,94
55785000,109
55797000,87
55807000,87
55818000,94
55829000,94
55840000,147
55851000,157
55862000,157
55873000,106
55885000,106
55896000,108
55907000,45
55917000,45
55929000,70
55940000,70
55951000,118
55962000,93
55974000,93
55985000,115
55997000,93
56009000,93
56020000,85
56031000,85
56042000,113
56052000,153
56063000,153
56075000,77
56085000,77
56097000,79
56108000,135
56118000,135
56130000,57
56141000,57
56152000,83
56164000,80
56175000,80
56186000,81
56197000,81
56208000,129
56219000,120
56230000,120
56241000,66
56253000,143
56264000,143
56276000,73
56286000,73
56297000,85
56308000,121
56318000,121
56329000,123
56340000,123
56352000,88
56364000,126
56376000,126
56387000,115
56397000,115
56407000,97
56418000,115
56429000,115
56440000,101
56452000,101
56462000,130
56472000,126
56483000,126
56494000,42
56506000,42
56517000,53
56528000,71
56538000,71
56549000,144
56560000,144
56571000,106
56583000,126
56593000,126
56604000,93
56615000,93
56626000,81
56637000,125
56648000,125
56659000,103
56671000,103
56681000,139
56692000,111
56703000,111
56714000,88
56725000,88
56736000,77
56747000,133
56758000,133
56769000,132
56781000,132
56792000,101
56804000,121
56815000,121
56827000,132
56838000,120
56848000,120
56859000,131
56870000,131
56883000,80
56894000,88
56906000,88
56918000,153
56929000,91
56940000,91
56952000,111
56964000,111
56975000,76
56986000,94
56998000,94
57009000,130
57021000,109
57031000,109
57041000,114
57053000,114
57064000,112
57076000,88
57087000,88
57098000,117
57109000,117
57120000,95
57132000,98
57142000,98
57153000,73
57164000,73
57175000,145
57186000,102
57197000,102
57207000,112
57218000,112
57229000,100
57239000,100
57249000,98
57259000,76
57269000,76
57280000,133
57290000,133
57300000,126
57310000,126
57320000,114
57331000,114
57341000,112
57352000,124
57362000,124
57374000,153
57386000,153
57397000,105
57407000,122
57417000,122
57427000,88
57437000,88
57448000,115
57459000,115
57470000,74
57481000,104
57492000,104
57502000,125
57513000,125
57524000,136
57535000,126
57545000,126
57555000,111
57567000,111
57578000,110
57589000,92
57600000,92
57610000,114
57621000,114
57633000,74
57643000,94
57653000,94
57664000,113
57674000,113
57685000,138
57696000,138
57707000,102
57718000,82
57729000,82
57739000,87
57749000,87
57760000,108
57771000,131
57781000,131
57792000,137
57802000,137
57812000,81
57823000,81
57834000,165
57844000,117
57855000,117
57866000,68
57876000,68
57888000,103
57900000,56
57911000,56
57921000,79
57931000,79
57943000,121
57954000,108
57966000,108
57977000,111
57988000,111
57999000,124
58009000,105
58021000,105
58032000,102
58044000,120
58055000,120
58066000,56
58077000,56
58088000,114
58099000,114
58109000,90
58120000,120
58131000,120
58142000,104
58152000,104
58163000,71
58174000,124
58184000,124
58196000,141
58207000,141
58217000,114
58228000,108
58240000,108
58250000,104
58261000,104
58271000,85
58282000,85
58294000,132
58305000,67
58316000,67
58327000,150
58337000,76
58349000,76
58359000,104
58370000,104
58381000,83
58392000,89
58403000,89
58414000,103
58426000,103
58437000,85
58449000,69
58461000,69
58473000,90
58484000,75
58495000,75
58507000,92
58517000,92
58528000,97
58539000,104
58551000,104
58562000,65
58573000,65
58585000,81
58597000,98
58608000,98
58620000,69
58631000,123
58642000,123
58653000,78
58664000,78
58676000,70
58687000,143
58698000,143
58709000,74
58720000,74
58731000,132
58743000,155
58753000,155
58765000,119
58776000,141
58787000,141
58798000,71
58809000,71
58819000,133
58830000,133
58841000,129
58852000,75
58864000,75
58875000,106
58887000,74
58898000,74
58910000,72
58922000,72
58933000,129
58944000,142
58955000,142
58967000,98
58978000,73
58989000,73
59001000,109
59013000,109
59025000,50
59036000,122
59047000,122
59058000,152
59070000,120
59081000,120
59092000,111
59104000,111
59114000,86
59125000,51
59135000,51
59147000,82
59158000,82
59169000,103
59180000,124
59191000,124
59203000,121
59214000,121
59226000,80
59237000,139
59247000,139
59258000,136
59269000,136
59280000,139
59290000,114
59301000,114
59312000,143
59323000,143
59335000,89
59346000,82
59358000,82
59369000,107
59381000,121
59392000,121
59403000,59
59414000,59
59426000,93
59437000,95
59448000,95
59459000,108
59470000,108
59481000,120
59492000,64
59502000,64
59514000,142
59526000,96
59537000,96
59548000,122
59559000,122
59570000,102
59581000,46
59591000,46
59602000,99
59614000,99
59625000,66
59636000,95
59647000,95
59659000,65
59670000,65
59681000,144
59692000,89
59703000,89
59714000,97
59725000,97
59737000,146
59748000,143
59759000,143
59770000,99
59780000,99
59790000,78
59801000,133
59812000,133
59823000,126
59835000,126
59846000,156
59857000,78
59867000,78
59878000,146
59889000,146
59900000,80
59912000,145
59923000,145
59934000,84
59946000,84
59957000,106
59968000,79
59980000,79
59992000,110
60003000,115
60015000,115
60027000,116
60037000,116
60049000,73
60060000,45
60071000,45
60082000,108
60093000,126
60105000,126
60116000,127
60127000,127
60138000,98
60148000,111
60158000,111
60169000,84
60179000,84
60190000,60
60201000,60
60212000,146
60223000,122
60233000,122
60243000,144
60254000,144
60265000,75
60275000,101
60286000,101
60298000,104
60309000,104
60320000,119
60332000,121
60343000,121
60354000,129
60365000,129
60375000,164
60386000,113
60397000,113
60408000,125
60419000,125
60429000,90
60440000,90
60451000,134
60462000,169
60473000,169
60485000,117
60497000,143
60508000,143
60518000,91
60529000,91
60539000,119
60550000,91
60561000,91
60571000,90
60581000,90
60592000,123
60602000,123
60613000,103
60623000,77
60633000,77
60645000,115
60656000,115
60668000,138
60679000,133
60690000,133
60700000,112
60711000,112
60722000,152
60733000,136
60743000,136
60755000,115
60767000,115
60777000,132
60788000,109
60800000,109
60810000,153
60821000,153
60832000,110
60843000,115
60853000,115
60863000,115
60873000,115
60884000,112
60895000,147
60909000,147
60921000,134
60931000,134
60942000,95
60952000,90
60963000,90
60975000,101
60987000,101
60998000,92
61009000,127
61020000,127
61031000,130
61042000,130
61052000,107
61062000,115
61073000,115
61084000,127
61096000,127
61107000,105
61119000,72
61130000,72
61142000,148
61152000,148
61163000,122
61174000,141
61186000,141
61198000,105
61209000,117
61221000,117
61232000,99
61244000,126
61256000,126
61267000,122
61278000,122
61289000,165
61299000,165
61310000,114
61320000,89
61332000,89
61343000,137
61353000,137
61365000,123
61376000,109
61387000,109
61398000,140
61409000,66
61419000,66
61430000,90
61441000,90
61453000,104
61464000,104
61476000,89
61488000,163
61498000,163
61509000,119
61520000,106
61530000,106
61540000,109
61551000,109
61563000,88
61575000,95
61586000,95
61598000,83
61609000,83
61620000,112
61632000,109
61643000,109
61653000,122
61664000,122
61676000,124
61686000,100
61696000,100
61707000,120
61718000,120
61728000,146
61739000,134
61750000,134
61760000,99
61770000,99
61781000,127
61792000,127
61803000,105
61815000,107
61826000,107
61837000,49
61848000,70
61859000,70
61870000,106
61880000,106
61890000,94
61902000,94
61914000,129
61925000,121
61937000,121
61948000,74
61959000,90
61971000,90
61983000,102
61993000,102
62005000,92
62017000,117
62028000,117
62040000,112
62052000,115
62062000,115
62073000,92
62084000,92
62096000,138
62108000,79
62118000,79
62128000,100
62138000,100
62149000,135
62159000,143
62170000,143
62180000,87
62191000,87
62202000,107
62212000,107
62224000,115
62234000,97
62246000,97
62257000,81
62268000,81
62280000,119
62292000,109
62303000,109
62314000,43
62326000,110
62338000,110
62349000,127
62361000,86
62372000,86
62383000,114
62394000,114
62405000,99
62417000,108
62427000,108
62438000,120
62449000,120
62459000,151
62471000,107
62483000,107
62494000,104
62506000,95
62516000,95
62527000,130
62538000,130
62550000,89
62561000,119
62573000,119
62585000,131
62596000,131
62607000,115
62618000,87
62629000,87
62639000,99
62651000,99
62662000,108
62673000,82
62683000,82
62693000,96
62704000,96
62715000,93
62726000,125
62737000,125
62748000,56
62759000,56
62770000,53
62782000,110
62792000,110
62803000,102
62815000,102
62826000,83
62837000,93
62848000,93
62859000,95
62870000,95
62881000,78
62892000,101
62903000,101
62915000,150
62927000,98
62937000,98
62948000,92
62960000,92
62971000,129
62982000,119
62993000,119
63003000,96
63015000,96
63026000,67
63037000,86
63049000,86
63059000,136
63070000,136
63081000,126
63092000,106
63104000,106
63116000,91
63127000,91
63139000,109
63151000,101
63162000,101
63172000,116
63184000,125
63195000,125
63205000,155
63217000,155
63228000,102
63240000,68
63250000,68
63261000,150
63272000,150
63283000,143
63294000,139
63305000,139
63316000,63
63327000,63
63338000,124
63349000,146
63360000,146
63370000,54
63381000,54
63392000,136
63403000,122
63414000,122
63425000,115
63437000,115
63448000,124
63459000,134
63470000,134
63481000,90
63493000,90
63504000,122
63516000,110
63527000,110
63538000,90
63550000,124
63561000,124
63572000,99
63584000,99
63596000,139
63607000,89
63618000,89
63629000,101
63640000,148
63651000,148
63663000,124
63674000,124
63685000,139
63696000,125
63708000,125
63718000,89
63729000,89
63740000,156
63751000,105
63762000,105
63773000,115
63783000,115
63795000,110
63806000,123
63817000,123
63829000,96
63839000,96
63850000,108
63861000,149
63872000,149
63884000,87
63894000,87
63905000,82
63916000,116
63927000,116
63938000,103
63949000,103
63960000,119
63972000,119
63983000,119
63994000,120
64005000,120
64016000,111
64027000,137
64038000,137
64049000,128
64060000,128
64071000,83
64082000,151
64093000,151
64104000,134
64115000,134
64126000,127
64137000,118
64148000,118
64159000,110
64170000,74
64182000,74
64193000,60
64204000,60
64215000,108
64226000,109
64237000,109
64248000,89
64259000,89
64270000,151
64281000,93
64292000,93
64303000,82
64314000,82
64325000,117
64336000,67
64347000,67
64357000,102
64368000,102
64378000,99
64389000,99
64400000,108
64411000,120
64422000,120
64433000,111
64445000,87
64456000,87
64467000,130
64478000,130
64489000,105
64500000,115
64512000,115
64523000,81
64533000,81
64544000,95
64555000,113
64565000,113
64576000,148
64587000,148
64598000,115
64609000,115
64620000,115
64631000,120
64642000,120
64653000,113
64665000,170
64677000,170
64688000,83
64699000,83
64710000,98
64720000,114
64731000,114
64743000,77
64753000,77
64764000,96
64775000,152
64785000,152
64796000,107
64807000,107
64818000,20
64829000,77
64839000,77
64849000,127
64860000,127
64871000,93
64882000,93
64893000,131
64905000,99
64917000,99
64928000,123
64940000,109
64952000,109
64964000,133
64975000,103
64986000,103
64996000,164
65007000,164
65018000,119
65029000,107
65041000,107
65053000,92
65063000,92
65074000,131
65084000,162
65096000,162
65108000,76
65119000,76
65131000,129
65142000,84
65154000,84
65164000,93
65174000,93
65185000,74
65197000,140
65207000,140
65217000,66
65228000,66
65239000,105
65250000,88
65261000,88
65272000,74
65283000,74
65294000,129
65306000,79
65316000,79
65327000,100
65338000,100
65349000,133
65360000,116
65370000,116
65381000,153
65392000,153
65403000,102
65415000,107
65426000,107
65437000,100
65448000,100
65460000,68
65472000,108
65484000,108
65494000,86
65505000,149
65517000,149
65530000,126
65540000,126
65552000,89
65562000,104
65574000,104
65585000,99
65595000,99
65607000,103
65617000,126
65629000,126
65640000,108
65651000,121
65663000,121
65675000,112
65685000,112
65697000,116
65708000,96
65718000,96
65728000,129
65739000,129
65750000,122
65761000,90
65772000,90
65783000,105
65795000,105
65805000,123
65816000,141
65827000,141
65838000,121
65850000,121
65860000,72
65871000,72
65883000,85
65893000,104
65904000,104
65915000,93
65927000,82
65941000,82
65952000,87
65963000,167
65973000,167
65983000,137
65995000,137
66005000,70
66017000,70
66029000,50
66039000,86
66050000,86
66062000,55
66074000,62
66085000,62
66097000,110
66109000,121
66119000,121
66131000,99
66142000,99
66153000,125
66164000,78
66175000,78
66186000,64
66196000,64
66208000,69
66218000,69
66229000,134
66239000,147
66250000,147
66260000,69
66270000,69
66281000,130
66291000,121
66302000,121
66313000,79
66324000,79
66335000,95
66345000,95
66355000,122
66367000,96
66377000,96
66388000,145
66399000,145
66409000,111
66421000,74
66433000,74
66444000,106
66456000,88
66468000,88
66480000,77
66491000,77
66502000,133
66512000,119
66523000,119
66534000,94
66546000,94
66557000,80
66568000,161
66578000,161
66588000,147
66600000,147
66611000,91
66622000,84
66634000,84
66646000,136
66657000,136
66669000,122
66680000,107
66690000,107
66701000,116
66713000,99
66723000,99
66733000,65
66744000,65
66756000,101
66768000,95
66779000,95
66789000,97
66801000,97
66812000,104
66824000,102
66836000,102
66847000,105
66859000,141
66870000,141
66882000,113
66893000,113
66904000,147
66916000,161
66927000,161
66938000,78
66949000,96
66961000,96
66972000,128
66983000,128
66994000,83
67006000,119
67017000,119
67028000,92
67038000,92
67050000,109
67062000,173
67073000,173
67084000,104
67094000,104
67105000,146
67116000,114
67128000,114
67140000,120
67150000,78
67161000,78
67172000,109
67183000,109
67194000,78
67204000,78
67216000,79
67227000,88
67238000,88
67249000,96
67261000,103
67272000,103
67282000,150
67293000,150
67303000,83
67314000,83
67326000,115
67337000,83
67349000,83
67360000,68
67371000,131
67381000,131
67392000,151
67402000,151
67414000,95
67424000,95
67436000,118
67447000,109
67458000,109
67470000,121
67481000,114
67493000,114
67504000,119
67516000,119
67527000,92
67539000,91
67550000,91
67561000,85
67573000,84
67583000,84
67594000,126
67605000,126
67617000,109
67628000,60
67639000,60
67649000,65
67661000,65
67673000,123
67683000,155
67693000,155
67705000,77
67716000,77
67728000,140
67740000,109
67750000,109
67762000,62
67774000,102
67785000,102
67796000,131
67807000,131
67817000,106
67828000,141
67839000,141
67850000,109
67861000,109
67871000,140
67882000,140
67892000,114
67902000,93
67914000,93
67925000,116
67936000,116
67947000,159
67958000,102
67969000,102
67980000,81
67992000,72
68004000,72
68015000,86
68027000,86
68039000,108
68050000,128
68060000,128
68071000,91
68083000,90
68095000,90
68107000,116
68119000,116
68131000,84
68142000,81
68152000,81
68163000,89
68174000,89
68184000,131
68196000,126
68207000,126
68218000,113
68228000,113
68240000,136
68252000,133
68264000,133
68275000,120
68286000,104
68296000,104
68306000,137
68317000,137
68328000,91
68339000,61
68350000,61
68362000,83
68373000,83
68384000,121
68394000,71
68405000,71
68416000,149
68428000,149
68439000,114
68450000,85
68462000,85
68473000,65
68484000,65
68495000,115
68506000,137
68517000,137
68527000,72
68539000,72
68549000,92
68560000,78
68571000,78
68584000,103
68595000,103
68606000,147
68617000,96
68629000,96
68639000,102
68651000,116
68662000,116
68673000,100
68684000,100
68695000,120
68706000,98
68718000,98
68729000,84
68740000,84
68751000,109
68762000,82
68773000,82
68785000,98
68795000,98
68806000,123
68816000,62
68828000,62
68839000,72
68851000,88
68862000,88
68874000,98
68885000,98
68896000,100
68907000,130
68918000,130
68928000,113
68939000,113
68951000,28
68962000,95
68974000,95
68986000,60
68997000,60
69008000,38
69019000,93
69030000,93
69041000,117
69052000,117
69063000,126
69074000,73
69085000,73
69097000,132
69107000,132
69118000,144
69129000,119
69140000,119
69150000,155
69162000,155
69173000,21
69184000,127
69195000,127
69206000,93
69217000,75
69228000,75
69240000,85
69252000,85
69263000,86
69275000,42
69286000,42
69297000,94
69308000,94
69318000,137
69328000,44
69340000,44
69351000,97
69362000,97
69373000,76
69384000,122
69396000,122
69407000,75
69418000,75
69429000,100
69440000,59
69451000,59
69462000,130
69474000,80
69486000,80
69498000,128
69509000,128
69519000,114
69531000,124
69542000,124
69552000,68
69563000,68
